--- SESSION START ---,1771276736.1459248,num_epochs=1
1771276737.1263769,0,0,24.0,N/A,0.00,0.0,N/A,continue
1771276737.9019701,0,1,6.9,N/A,0.00,0.0,N/A,continue
1771276738.6167731,0,2,0.0,N/A,0.00,0.0,N/A,continue
1771276739.329934,0,3,0.0,N/A,0.00,0.0,N/A,continue
1771276740.0402768,0,4,3.4,N/A,0.00,0.0,N/A,continue
1771276740.758976,0,5,10.3,N/A,0.00,3.0,N/A,continue
1771276741.4832838,0,6,0.0,N/A,0.00,0.0,N/A,continue
1771276742.2107615,0,7,0.0,N/A,0.00,45.2,N/A,continue
1771276742.9441955,0,8,62.5,N/A,0.00,76.7,N/A,continue
1771276743.6558702,0,9,41.9,N/A,0.00,37.9,N/A,continue
1771276744.369299,0,10,0.0,N/A,0.00,3.3,N/A,continue
1771276745.085056,0,11,19.4,N/A,0.00,3.3,N/A,continue
1771276745.8011553,0,12,3.2,N/A,0.00,0.0,N/A,continue
1771276746.5269885,0,13,0.0,N/A,0.00,9.7,N/A,continue
1771276747.2457666,0,14,0.0,N/A,0.00,0.0,N/A,continue
1771276747.9597564,0,15,10.0,N/A,0.00,0.0,N/A,continue
1771276748.6706867,0,16,25.9,N/A,0.00,0.0,N/A,continue
1771276749.3826954,0,17,0.0,N/A,0.00,0.0,N/A,continue
1771276750.1052327,0,18,3.4,N/A,0.00,5.7,N/A,continue
1771276750.8174036,0,19,10.3,N/A,0.00,0.0,N/A,continue
--- SESSION START ---,1771277060.1381629,num_epochs=20
1771277060.9641182,0,0,9.7,N/A,0.00,0.0,N/A,continue
1771277061.834146,0,1,3.4,N/A,0.00,0.0,N/A,continue
1771277062.575266,0,2,3.1,N/A,0.00,0.0,N/A,continue
1771277063.3006868,0,3,0.0,N/A,0.00,0.0,N/A,continue
1771277064.0137503,0,4,20.7,N/A,0.00,0.0,N/A,continue
1771277064.731196,0,5,3.3,N/A,0.00,0.0,N/A,continue
1771277065.4508529,0,6,6.7,N/A,0.00,0.0,N/A,continue
1771277066.1671457,0,7,6.7,N/A,0.00,3.1,N/A,continue
1771277066.886869,0,8,7.1,N/A,0.00,0.0,N/A,continue
1771277067.5973282,0,9,34.5,N/A,0.00,51.7,N/A,continue
1771277068.3106117,0,10,46.4,N/A,0.00,0.0,N/A,continue
1771277069.0225408,0,11,10.0,N/A,0.00,0.0,N/A,continue
1771277069.7527416,0,12,3.2,N/A,0.00,37.0,N/A,continue
1771277070.4672222,0,13,37.9,N/A,0.00,10.0,N/A,continue
1771277071.1840322,0,14,3.3,N/A,0.00,0.0,N/A,continue
1771277071.8994098,0,15,3.3,N/A,0.00,0.0,N/A,continue
1771277072.6159902,0,16,6.7,N/A,0.00,0.0,N/A,continue
1771277073.3322759,0,17,3.4,N/A,0.00,0.0,N/A,continue
1771277074.0546196,0,18,6.5,N/A,0.00,2.9,N/A,continue
1771277074.765299,0,19,3.2,N/A,0.00,3.2,N/A,continue
--- SESSION START ---,1771277579.5583153,num_epochs=5
1771277580.387771,0,0,24.1,N/A,0.00,0.0,N/A,continue
1771277581.099196,0,1,0.0,N/A,0.00,0.0,N/A,continue
1771277581.8136485,0,2,0.0,N/A,0.00,0.0,N/A,continue
1771277582.5315323,0,3,0.0,N/A,0.00,0.0,N/A,continue
1771277583.242526,0,4,0.0,N/A,0.00,0.0,N/A,continue
1771277583.957306,0,5,0.0,N/A,0.00,33.3,N/A,continue
1771277584.6742983,0,6,6.5,N/A,0.00,16.7,N/A,continue
1771277585.3862033,0,7,3.3,N/A,0.00,0.0,N/A,continue
1771277586.0957696,0,8,3.3,N/A,0.00,10.3,N/A,continue
1771277586.8097582,0,9,0.0,N/A,0.00,0.0,N/A,continue
1771277587.5207355,0,10,6.5,N/A,0.00,0.0,N/A,continue
1771277588.2318623,0,11,3.3,N/A,0.00,0.0,N/A,continue
1771277588.9422796,0,12,6.7,N/A,0.00,0.0,N/A,continue
1771277589.6567957,0,13,0.0,N/A,0.00,16.7,N/A,continue
1771277590.3722432,0,14,6.3,N/A,0.00,0.0,N/A,continue
1771277591.082334,0,15,0.0,N/A,0.00,3.2,N/A,continue
1771277591.793275,0,16,0.0,N/A,0.00,3.2,N/A,continue
1771277592.5063555,0,17,0.0,N/A,0.00,0.0,N/A,continue
1771277593.2186208,0,18,9.4,N/A,0.00,0.0,N/A,continue
1771277593.9347289,0,19,3.3,N/A,0.00,0.0,N/A,continue
--- SESSION START ---,1771278742.3489096,num_epochs=5
1771278743.1891654,0,0,25.8,N/A,0.00,0.0,N/A,continue
1771278743.9013228,0,1,3.4,N/A,0.00,0.0,N/A,continue
1771278744.611442,0,2,3.8,N/A,0.00,3.2,N/A,continue
1771278745.326087,0,3,3.4,N/A,0.00,0.0,N/A,continue
1771278746.038955,0,4,0.0,N/A,0.00,0.0,N/A,continue
1771278746.8397408,0,5,6.5,N/A,0.00,6.7,N/A,continue
1771278747.5508802,0,6,3.4,N/A,0.00,3.3,N/A,continue
1771278748.2625513,0,7,0.0,N/A,0.00,0.0,N/A,continue
1771278748.9818652,0,8,10.0,N/A,0.00,3.4,N/A,continue
1771278749.702806,0,9,10.0,N/A,0.00,34.5,N/A,continue
1771278750.421726,0,10,51.7,N/A,0.00,33.3,N/A,continue
1771278751.146414,0,11,60.6,N/A,0.00,0.0,N/A,continue
1771278751.8599608,0,12,0.0,N/A,0.00,13.8,N/A,continue
1771278752.576487,0,13,21.9,N/A,0.00,0.0,N/A,continue
1771278753.3014016,0,14,0.0,N/A,0.00,36.7,N/A,continue
1771278754.01541,0,15,38.7,N/A,0.00,6.5,N/A,continue
1771278754.7269185,0,16,3.3,N/A,0.00,0.0,N/A,continue
1771278755.4380345,0,17,0.0,N/A,0.00,3.2,N/A,continue
1771278756.1527755,0,18,3.3,N/A,0.00,0.0,N/A,continue
1771278756.8720315,0,19,3.4,N/A,0.00,0.0,N/A,continue
--- SESSION START ---,1771280248.078895,num_epochs=3
1771280249.0933006,0,0,23.3,N/A,0.00,58.6,N/A,continue
1771280249.870072,0,1,61.5,N/A,0.00,50.0,N/A,continue
1771280250.5892353,0,2,36.7,N/A,0.00,13.8,N/A,continue
1771280251.306088,0,3,3.3,N/A,0.00,3.2,N/A,continue
1771280252.03794,0,4,9.7,N/A,0.00,100.0,N/A,continue
1771280252.766228,0,5,96.6,N/A,0.00,0.0,N/A,continue
1771280253.4798295,0,6,10.3,N/A,0.00,0.0,N/A,continue
1771280254.1945922,0,7,0.0,N/A,0.00,3.2,N/A,continue
1771280254.9107676,0,8,6.2,N/A,0.00,38.7,N/A,continue
1771280255.627258,0,9,6.7,N/A,0.00,0.0,N/A,continue
1771280256.3429897,0,10,6.9,N/A,0.00,0.0,N/A,continue
1771280257.0570805,0,11,0.0,N/A,0.00,0.0,N/A,continue
1771280257.769748,0,12,3.4,N/A,0.00,0.0,N/A,continue
1771280258.4829295,0,13,7.7,N/A,0.00,0.0,N/A,continue
1771280259.1981819,0,14,3.3,N/A,0.00,0.0,N/A,continue
1771280259.92314,0,15,39.3,N/A,0.00,5.9,N/A,continue
1771280260.6360927,0,16,9.7,N/A,0.00,0.0,N/A,continue
1771280261.3467984,0,17,10.0,N/A,0.00,0.0,N/A,continue
1771280262.0583882,0,18,3.4,N/A,0.00,0.0,N/A,continue
1771280262.7695053,0,19,6.5,N/A,0.00,0.0,N/A,continue
--- SESSION START ---,1771280390.7441854,num_epochs=10
1771280391.5743856,0,0,43.3,N/A,0.00,0.0,N/A,continue
1771280392.3079696,0,1,0.0,N/A,0.00,0.0,N/A,continue
1771280393.0246124,0,2,9.7,N/A,0.00,0.0,N/A,continue
1771280393.7361748,0,3,3.3,N/A,0.00,0.0,N/A,continue
1771280394.449429,0,4,6.5,N/A,0.00,0.0,N/A,continue
1771280395.1602898,0,5,3.3,N/A,0.00,0.0,N/A,continue
1771280395.8736537,0,6,3.3,N/A,0.00,0.0,N/A,continue
1771280396.5859609,0,7,23.3,N/A,0.00,0.0,N/A,continue
1771280397.2956848,0,8,6.5,N/A,0.00,38.7,N/A,continue
1771280398.0107787,0,9,53.3,N/A,0.00,44.8,N/A,continue
1771280398.7221735,0,10,60.0,N/A,0.00,0.0,N/A,continue
1771280399.4346583,0,11,9.7,N/A,0.00,3.2,N/A,continue
1771280400.1504924,0,12,0.0,N/A,0.00,3.2,N/A,continue
1771280400.861517,0,13,10.3,N/A,0.00,0.0,N/A,continue
1771280401.5728722,0,14,20.0,N/A,0.00,0.0,N/A,continue
1771280402.293737,0,15,3.4,N/A,0.00,0.0,N/A,continue
1771280403.0037432,0,16,0.0,N/A,0.00,0.0,N/A,continue
1771280403.7156117,0,17,3.2,N/A,0.00,3.2,N/A,continue
1771280404.426218,0,18,3.3,N/A,0.00,40.7,N/A,continue
1771280405.1409144,0,19,34.4,N/A,0.00,0.0,N/A,continue
--- SESSION START ---,1771280890.3625498,num_epochs=10
1771280891.1822705,0,0,0.0,N/A,0.00,0.0,N/A,continue
1771280891.8927174,0,1,3.3,N/A,0.00,10.0,N/A,continue
1771280892.6244001,0,2,0.0,N/A,0.00,0.0,N/A,continue
1771280893.349536,0,3,3.2,N/A,0.00,0.0,N/A,continue
1771280894.078153,0,4,9.7,N/A,0.00,0.0,N/A,continue
1771280894.8016598,0,5,0.0,N/A,0.00,0.0,N/A,continue
1771280895.5185134,0,6,0.0,N/A,0.00,3.2,N/A,continue
1771280896.2302876,0,7,0.0,N/A,0.00,0.0,N/A,continue
1771280896.942564,0,8,0.0,N/A,0.00,0.0,N/A,continue
1771280897.6549678,0,9,0.0,N/A,0.00,0.0,N/A,continue
1771280898.3668346,0,10,3.4,N/A,0.00,6.5,N/A,continue
1771280899.0786145,0,11,10.0,N/A,0.00,0.0,N/A,continue
1771280899.7889478,0,12,3.3,N/A,0.00,32.0,N/A,continue
1771280900.503185,0,13,25.9,N/A,0.00,0.0,N/A,continue
1771280901.2164679,0,14,0.0,N/A,0.00,0.0,N/A,continue
1771280901.9338315,0,15,0.0,N/A,0.00,0.0,N/A,continue
1771280902.6462026,0,16,0.0,N/A,0.00,0.0,N/A,continue
1771280903.3578753,0,17,6.7,N/A,0.00,0.0,N/A,continue
1771280904.0698252,0,18,0.0,N/A,0.00,0.0,N/A,continue
1771280904.7812016,0,19,3.3,N/A,0.00,0.0,N/A,continue
--- SESSION START ---,1771280961.6965919,num_epochs=10
1771280962.523948,0,0,13.9,N/A,0.00,0.0,N/A,continue
1771280963.2914414,0,1,17.2,N/A,0.00,16.7,N/A,continue
1771280964.0031984,0,2,3.3,N/A,0.00,0.0,N/A,continue
1771280964.7222307,0,3,3.3,N/A,0.00,0.0,N/A,continue
1771280965.4337044,0,4,0.0,N/A,0.00,0.0,N/A,continue
1771280966.1466336,0,5,6.5,N/A,0.00,0.0,N/A,continue
1771280966.862971,0,6,3.3,N/A,0.00,0.0,N/A,continue
1771280967.5943966,0,7,6.7,N/A,0.00,0.0,N/A,continue
1771280968.3045866,0,8,40.0,N/A,0.00,0.0,N/A,continue
1771280969.021967,0,9,0.0,N/A,0.00,0.0,N/A,continue
1771280969.8021877,0,10,0.0,N/A,0.00,0.0,N/A,continue
1771280970.511719,0,11,6.7,N/A,0.00,0.0,N/A,continue
1771280971.2271094,0,12,3.4,N/A,0.00,0.0,N/A,continue
1771280971.9462252,0,13,9.4,N/A,0.00,0.0,N/A,continue
1771280972.6704867,0,14,3.3,N/A,0.00,2.9,N/A,continue
1771280973.3911116,0,15,6.5,N/A,0.00,0.0,N/A,continue
1771280974.1121001,0,16,0.0,N/A,0.00,0.0,N/A,continue
1771280974.8215866,0,17,0.0,N/A,0.00,0.0,N/A,continue
1771280975.541438,0,18,6.1,N/A,0.00,0.0,N/A,continue
1771280976.260685,0,19,3.3,N/A,0.00,0.0,N/A,continue
--- SESSION START ---,1771281169.4323676,num_epochs=2
1771281170.216214,0,0,6.7,N/A,0.00,0.0,N/A,continue
1771281170.927291,0,1,6.5,N/A,0.00,3.2,N/A,continue
1771281171.638876,0,2,3.3,N/A,0.00,24.2,N/A,continue
1771281172.355012,0,3,41.9,N/A,0.00,44.8,N/A,continue
1771281173.0822003,0,4,56.3,N/A,0.00,51.7,N/A,continue
1771281173.7956517,0,5,35.5,N/A,0.00,10.0,N/A,continue
1771281174.5134213,0,6,20.0,N/A,0.00,22.2,N/A,continue
1771281175.225811,0,7,23.1,N/A,0.00,9.4,N/A,continue
1771281175.9368844,0,8,19.4,N/A,0.00,10.0,N/A,continue
1771281176.6491082,0,9,0.0,N/A,0.00,0.0,N/A,continue
1771281177.361107,0,10,0.0,N/A,0.00,0.0,N/A,continue
1771281178.0715063,0,11,3.2,N/A,0.00,0.0,N/A,continue
1771281178.7870421,0,12,6.2,N/A,0.00,0.0,N/A,continue
1771281179.5065618,0,13,6.5,N/A,0.00,0.0,N/A,continue
1771281180.2287602,0,14,3.4,N/A,0.00,0.0,N/A,continue
1771281180.9392657,0,15,12.1,N/A,0.00,17.2,N/A,continue
1771281181.654606,0,16,40.0,N/A,0.00,0.0,N/A,continue
1771281182.366627,0,17,0.0,N/A,0.00,0.0,N/A,continue
1771281183.0771065,0,18,0.0,N/A,0.00,3.2,N/A,continue
1771281183.7915993,0,19,0.0,N/A,0.00,0.0,N/A,continue
--- SESSION START ---,1771281221.390011,num_epochs=3
1771281222.2180104,0,0,3.3,N/A,0.00,27.6,N/A,continue
1771281222.9353595,0,1,3.3,N/A,0.00,0.0,N/A,continue
1771281223.6508687,0,2,3.3,N/A,0.00,0.0,N/A,continue
1771281224.3682768,0,3,0.0,N/A,0.00,3.1,N/A,continue
1771281225.0797963,0,4,3.4,N/A,0.00,19.4,N/A,continue
1771281225.7933645,0,5,6.5,N/A,0.00,6.3,N/A,continue
1771281226.5227547,0,6,9.7,N/A,0.00,96.9,N/A,continue
1771281227.2501974,0,7,90.6,N/A,0.00,0.0,N/A,continue
1771281227.9614296,0,8,3.3,N/A,0.00,0.0,N/A,continue
1771281228.690647,0,9,0.0,N/A,0.00,3.0,N/A,continue
1771281229.4008327,0,10,0.0,N/A,0.00,0.0,N/A,continue
1771281230.1157393,0,11,6.7,N/A,0.00,14.3,N/A,continue
1771281230.8453941,0,12,6.5,N/A,0.00,35.5,N/A,continue
1771281231.566311,0,13,100.0,N/A,0.00,22.6,N/A,continue
1771281232.2804475,0,14,82.8,N/A,0.00,0.0,N/A,continue
1771281232.9905055,0,15,34.5,N/A,0.00,0.0,N/A,continue
1771281233.7015405,0,16,3.4,N/A,0.00,3.2,N/A,continue
1771281234.4114485,0,17,0.0,N/A,0.00,0.0,N/A,continue
1771281235.1268084,0,18,0.0,N/A,0.00,0.0,N/A,continue
1771281235.83709,0,19,0.0,N/A,0.00,31.0,N/A,continue
--- SESSION START ---,1771281325.0558338,num_epochs=3
1771281325.8347456,0,0,30.0,N/A,0.00,100.0,N/A,continue
1771281326.5917854,0,1,100.0,N/A,0.00,0.0,N/A,continue
1771281327.310875,0,2,10.0,N/A,0.00,100.0,N/A,continue
1771281328.0353203,0,3,100.0,N/A,0.00,0.0,N/A,continue
1771281328.7512794,0,4,0.0,N/A,0.00,0.0,N/A,continue
1771281329.481811,0,5,3.2,N/A,0.00,0.0,N/A,continue
1771281330.2019064,0,6,0.0,N/A,0.00,0.0,N/A,continue
1771281330.9112918,0,7,0.0,N/A,0.00,0.0,N/A,continue
1771281331.6236322,0,8,0.0,N/A,0.00,0.0,N/A,continue
1771281332.334197,0,9,3.3,N/A,0.00,0.0,N/A,continue
1771281333.043861,0,10,6.5,N/A,0.00,0.0,N/A,continue
1771281333.774254,0,11,3.7,N/A,0.00,0.0,N/A,continue
1771281334.4956014,0,12,6.5,N/A,0.00,0.0,N/A,continue
1771281335.2077692,0,13,3.2,N/A,0.00,9.7,N/A,continue
1771281335.9237604,0,14,6.5,N/A,0.00,0.0,N/A,continue
1771281336.6353333,0,15,4.5,N/A,0.00,26.7,N/A,continue
1771281337.3503518,0,16,7.1,N/A,0.00,0.0,N/A,continue
1771281338.06247,0,17,9.4,N/A,0.00,0.0,N/A,continue
1771281338.7782924,0,18,3.6,N/A,0.00,0.0,N/A,continue
1771281339.491153,0,19,0.0,N/A,0.00,0.0,N/A,continue
